ID,DistNo,MandalNo,VillageName,ass_nm,parl_nm,dist_nm,mandal_nm,ac_code,pc_code,cluster_id
1,1,1,Allikori,NULL,NULL,NULL,NULL,NULL,NULL,1
2,1,1,Ankapur,NULL,NULL,NULL,NULL,NULL,NULL,1
3,1,1,Ankoli,NULL,NULL,NULL,NULL,NULL,NULL,1
4,1,1,Arli(B),NULL,NULL,NULL,NULL,NULL,NULL,NULL
5,1,1,Asodha,NULL,NULL,NULL,NULL,NULL,NULL,NULL
6,1,1,Bheemseri,NULL,NULL,NULL,NULL,NULL,NULL,NULL
7,1,1,Burnoor,NULL,NULL,NULL,NULL,NULL,NULL,NULL
8,1,1,Chanda,NULL,NULL,NULL,NULL,NULL,NULL,NULL
9,1,1,Chichdari,NULL,NULL,NULL,NULL,NULL,NULL,NULL
10,1,1,Chinchughat,NULL,NULL,NULL,NULL,NULL,NULL,NULL
11,1,1,Chityalbori,NULL,NULL,NULL,NULL,NULL,NULL,NULL
12,1,1,Dimma,NULL,NULL,NULL,NULL,NULL,NULL,NULL
13,1,1,Hathigutta,NULL,NULL,NULL,NULL,NULL,NULL,NULL
14,1,1,Jamdapur,NULL,NULL,NULL,NULL,NULL,NULL,NULL
15,1,1,Kachkanti,NULL,NULL,NULL,NULL,NULL,NULL,NULL
16,1,1,Khanapur-CH,NULL,NULL,NULL,NULL,NULL,NULL,NULL
17,1,1,Khandala,NULL,NULL,NULL,NULL,NULL,NULL,NULL
18,1,1,Kumbhajheri,NULL,NULL,NULL,NULL,NULL,NULL,NULL
19,1,1,Landasangvi,NULL,NULL,NULL,NULL,NULL,NULL,NULL
20,1,1,Linguguda,NULL,NULL,NULL,NULL,NULL,NULL,NULL
21,1,1,Lohara,NULL,NULL,NULL,NULL,NULL,NULL,NULL
22,1,1,Lokari,NULL,NULL,NULL,NULL,NULL,NULL,NULL
23,1,1,Mamidiguda,NULL,NULL,NULL,NULL,NULL,NULL,NULL
24,1,1,"Pedda Maleborigaon",NULL,NULL,NULL,NULL,NULL,NULL,NULL
25,1,1,Pippaldhari,NULL,NULL,NULL,NULL,NULL,NULL,NULL
26,1,1,Pochara,NULL,NULL,NULL,NULL,NULL,NULL,NULL
27,1,1,Thantholi,NULL,NULL,NULL,NULL,NULL,NULL,NULL
28,1,1,Tippa,NULL,NULL,NULL,NULL,NULL,NULL,NULL
29,1,1,Wanwat,NULL,NULL,NULL,NULL,NULL,NULL,NULL
30,1,1,Yapalguda,NULL,NULL,NULL,NULL,NULL,NULL,NULL
31,1,1,Yeshwanthguda,NULL,NULL,NULL,NULL,NULL,NULL,NULL
32,1,2,Ananthapur,NULL,NULL,NULL,NULL,NULL,NULL,NULL
33,1,2,Andhuguda,NULL,NULL,NULL,NULL,NULL,NULL,NULL
34,1,2,Bazarhathnoor,NULL,NULL,NULL,NULL,NULL,NULL,NULL
35,1,2,Bhosra,NULL,NULL,NULL,NULL,NULL,NULL,NULL
36,1,2,Bhutai-B,NULL,NULL,NULL,NULL,NULL,NULL,NULL
37,1,2,Bhutai-K,NULL,NULL,NULL,NULL,NULL,NULL,NULL
38,1,2,Burkapally,NULL,NULL,NULL,NULL,NULL,NULL,NULL
39,1,2,"Chandunaik Thanda",NULL,NULL,NULL,NULL,NULL,NULL,NULL
40,1,2,"Chintal Sangive",NULL,NULL,NULL,NULL,NULL,NULL,NULL
41,1,2,Darampuri,NULL,NULL,NULL,NULL,NULL,NULL,NULL
42,1,2,Dedra,NULL,NULL,NULL,NULL,NULL,NULL,NULL
43,1,2,Dehgaon,NULL,NULL,NULL,NULL,NULL,NULL,NULL
44,1,2,Dignoor,NULL,NULL,NULL,NULL,NULL,NULL,NULL
45,1,2,Gangapur,NULL,NULL,NULL,NULL,NULL,NULL,NULL
46,1,2,Girjai,NULL,NULL,NULL,NULL,NULL,NULL,NULL
47,1,2,Girnur,NULL,NULL,NULL,NULL,NULL,NULL,NULL
48,1,2,Gokonda,NULL,NULL,NULL,NULL,NULL,NULL,NULL
49,1,2,"Gulab Thanda",NULL,NULL,NULL,NULL,NULL,NULL,NULL
50,1,2,Harkai,NULL,NULL,NULL,NULL,NULL,NULL,NULL
51,1,2,Jatarla,NULL,NULL,NULL,NULL,NULL,NULL,NULL
52,1,2,Kandly,NULL,NULL,NULL,NULL,NULL,NULL,NULL
53,1,2,Kinnerpally,NULL,NULL,NULL,NULL,NULL,NULL,NULL
54,1,2,Kolahari,NULL,NULL,NULL,NULL,NULL,NULL,NULL
55,1,2,"Manjram Thanda",NULL,NULL,NULL,NULL,NULL,NULL,NULL
56,1,2,Mankapur,NULL,NULL,NULL,NULL,NULL,NULL,NULL
57,1,2,Morkhandi,NULL,NULL,NULL,NULL,NULL,NULL,NULL
58,1,2,Pipri,NULL,NULL,NULL,NULL,NULL,NULL,NULL
59,1,2,Rampur,NULL,NULL,NULL,NULL,NULL,NULL,NULL
60,1,2,Tembi,NULL,NULL,NULL,NULL,NULL,NULL,NULL
61,1,2,Warthamanoor,NULL,NULL,NULL,NULL,NULL,NULL,NULL
62,1,2,Yesapur,NULL,NULL,NULL,NULL,NULL,NULL,NULL
63,1,3,Awalpur,NULL,NULL,NULL,NULL,NULL,NULL,NULL
64,1,3,Bela,NULL,NULL,NULL,NULL,NULL,NULL,NULL
65,1,3,Bhadi,NULL,NULL,NULL,NULL,NULL,NULL,NULL
66,1,3,Bhavaniguda,NULL,NULL,NULL,NULL,NULL,NULL,NULL
67,1,3,Bhedoda,NULL,NULL,NULL,NULL,NULL,NULL,NULL
68,1,3,"Bhodod (Kopsi)",NULL,NULL,NULL,NULL,NULL,NULL,NULL
69,1,3,Chandpalle,NULL,NULL,NULL,NULL,NULL,NULL,NULL
70,1,3,Chaprala,NULL,NULL,NULL,NULL,NULL,NULL,NULL
71,1,3,Dehegoan,NULL,NULL,NULL,NULL,NULL,NULL,NULL
72,1,3,Dhoptala,NULL,NULL,NULL,NULL,NULL,NULL,NULL
73,1,3,Ekori,NULL,NULL,NULL,NULL,NULL,NULL,NULL
74,1,3,Ganeshpur,NULL,NULL,NULL,NULL,NULL,NULL,NULL
75,1,3,Guda,NULL,NULL,NULL,NULL,NULL,NULL,NULL
76,1,3,Junoni,NULL,NULL,NULL,NULL,NULL,NULL,NULL
77,1,3,Khogdur,NULL,NULL,NULL,NULL,NULL,NULL,NULL
78,1,3,Kobhai,NULL,NULL,NULL,NULL,NULL,NULL,NULL
79,1,3,Mangrood,NULL,NULL,NULL,NULL,NULL,NULL,NULL
80,1,3,Maniyarpur,NULL,NULL,NULL,NULL,NULL,NULL,NULL
81,1,3,Masala-B,NULL,NULL,NULL,NULL,NULL,NULL,NULL
82,1,3,Masala-K,NULL,NULL,NULL,NULL,NULL,NULL,NULL
83,1,3,Patan,NULL,NULL,NULL,NULL,NULL,NULL,NULL
84,1,3,Pitgaon(L),NULL,NULL,NULL,NULL,NULL,NULL,NULL
85,1,3,Pohar,NULL,NULL,NULL,NULL,NULL,NULL,NULL
86,1,3,Ponala,NULL,NULL,NULL,NULL,NULL,NULL,NULL
87,1,3,Sadalpur,NULL,NULL,NULL,NULL,NULL,NULL,NULL
88,1,3,Sangdi,NULL,NULL,NULL,NULL,NULL,NULL,NULL
89,1,3,Shamshabad,NULL,NULL,NULL,NULL,NULL,NULL,NULL
90,1,3,Sirsanna,NULL,NULL,NULL,NULL,NULL,NULL,NULL
91,1,3,Sonkhos,NULL,NULL,NULL,NULL,NULL,NULL,NULL
92,1,3,Takli,NULL,NULL,NULL,NULL,NULL,NULL,NULL
93,1,3,Warur,NULL,NULL,NULL,NULL,NULL,NULL,NULL
94,1,4,Andarbandh,NULL,NULL,NULL,NULL,NULL,NULL,NULL
95,1,4,Antargaon,NULL,NULL,NULL,NULL,NULL,NULL,NULL
96,1,4,"Arli (T)",NULL,NULL,NULL,NULL,NULL,NULL,NULL
97,1,4,"Belsari Rampur",NULL,NULL,NULL,NULL,NULL,NULL,NULL
98,1,4,Bhagwanpur,NULL,NULL,NULL,NULL,NULL,NULL,NULL
99,1,4,Bheempoor,NULL,NULL,NULL,NULL,NULL,NULL,NULL
100,1,4,Dhanora,NULL,NULL,NULL,NULL,NULL,NULL,NULL
101,1,4,Gollaghat,NULL,NULL,NULL,NULL,NULL,NULL,NULL
102,1,4,Gomutri,NULL,NULL,NULL,NULL,NULL,NULL,NULL
103,1,4,Gona,NULL,NULL,NULL,NULL,NULL,NULL,NULL
104,1,4,Gubdi,NULL,NULL,NULL,NULL,NULL,NULL,NULL
105,1,4,Gubdipally,NULL,NULL,NULL,NULL,NULL,NULL,NULL
106,1,4,Gunjala,NULL,NULL,NULL,NULL,NULL,NULL,NULL
107,1,4,Indurpally,NULL,NULL,NULL,NULL,NULL,NULL,NULL
108,1,4,Jalkori,NULL,NULL,NULL,NULL,NULL,NULL,NULL
109,1,4,Kamatwada,NULL,NULL,NULL,NULL,NULL,NULL,NULL
110,1,4,"Karanji (T)",NULL,NULL,NULL,NULL,NULL,NULL,NULL
111,1,4,Karanwadi,NULL,NULL,NULL,NULL,NULL,NULL,NULL
112,1,4,Khairguda,NULL,NULL,NULL,NULL,NULL,NULL,NULL
113,1,4,Markaguda,NULL,NULL,NULL,NULL,NULL,NULL,NULL
114,1,4,Nippani,NULL,NULL,NULL,NULL,NULL,NULL,NULL
115,1,4,Pippalkoti,NULL,NULL,NULL,NULL,NULL,NULL,NULL
116,1,4,"Tamsi (K)",NULL,NULL,NULL,NULL,NULL,NULL,NULL
117,1,4,Tekdirampur,NULL,NULL,NULL,NULL,NULL,NULL,NULL
118,1,4,Wadgaon,NULL,NULL,NULL,NULL,NULL,NULL,NULL
119,1,4,Wadoor,NULL,NULL,NULL,NULL,NULL,NULL,NULL
120,1,5,Akoli,NULL,NULL,NULL,NULL,NULL,NULL,NULL
121,1,5,Balapur,NULL,NULL,NULL,NULL,NULL,NULL,NULL
122,1,5,Bhoraj,NULL,NULL,NULL,NULL,NULL,NULL,NULL
123,1,5,Gimma(K),NULL,NULL,NULL,NULL,NULL,NULL,NULL
124,1,5,Guda,NULL,NULL,NULL,NULL,NULL,NULL,NULL
125,1,5,Hashimpur,NULL,NULL,NULL,NULL,NULL,NULL,NULL
126,1,5,Kamai,NULL,NULL,NULL,NULL,NULL,NULL,NULL
127,1,5,Korta,NULL,NULL,NULL,NULL,NULL,NULL,NULL
128,1,5,Lekarwada,NULL,NULL,NULL,NULL,NULL,NULL,NULL
129,1,5,Mandagada,NULL,NULL,NULL,NULL,NULL,NULL,NULL
130,1,5,Pendalwada,NULL,NULL,NULL,NULL,NULL,NULL,NULL
131,1,5,Pipparawada,NULL,NULL,NULL,NULL,NULL,NULL,NULL
132,1,5,Poosai,NULL,NULL,NULL,NULL,NULL,NULL,NULL
133,1,5,Rampur-T,NULL,NULL,NULL,NULL,NULL,NULL,NULL
134,1,5,Sawapoor,NULL,NULL,NULL,NULL,NULL,NULL,NULL
135,1,5,Sirsanna,NULL,NULL,NULL,NULL,NULL,NULL,NULL
136,1,5,"Taroda B",NULL,NULL,NULL,NULL,NULL,NULL,NULL
137,1,6,Anduru,NULL,NULL,NULL,NULL,NULL,NULL,NULL
138,1,6,Babera,NULL,NULL,NULL,NULL,NULL,NULL,NULL
139,1,6,Beerlagondi,NULL,NULL,NULL,NULL,NULL,NULL,NULL
140,1,6,"Boath (B)",NULL,NULL,NULL,NULL,NULL,NULL,NULL
141,1,6,Chinthaguda,NULL,NULL,NULL,NULL,NULL,NULL,NULL
142,1,6,"Dhannur (B)",NULL,NULL,NULL,NULL,NULL,NULL,NULL
143,1,6,Kangutta,NULL,NULL,NULL,NULL,NULL,NULL,NULL
144,1,6,Kantegaon,NULL,NULL,NULL,NULL,NULL,NULL,NULL
145,1,6,Karathwada,NULL,NULL,NULL,NULL,NULL,NULL,NULL
146,1,6,"Kowtha (B)",NULL,NULL,NULL,NULL,NULL,NULL,NULL
147,1,6,Kuchalapur,NULL,NULL,NULL,NULL,NULL,NULL,NULL
148,1,6,Lambadithanda,NULL,NULL,NULL,NULL,NULL,NULL,NULL
149,1,6,Mandaboguda,NULL,NULL,NULL,NULL,NULL,NULL,NULL
150,1,6,Marlapalle,NULL,NULL,NULL,NULL,NULL,NULL,NULL
151,1,6,Nagapur,NULL,NULL,NULL,NULL,NULL,NULL,NULL
152,1,6,Nakkalwada,NULL,NULL,NULL,NULL,NULL,NULL,NULL
153,1,6,Nigini,NULL,NULL,NULL,NULL,NULL,NULL,NULL
154,1,6,Patnapur,NULL,NULL,NULL,NULL,NULL,NULL,NULL
155,1,6,Pippaldari,NULL,NULL,NULL,NULL,NULL,NULL,NULL
156,1,6,Pochera,NULL,NULL,NULL,NULL,NULL,NULL,NULL
157,1,6,Sangvi,NULL,NULL,NULL,NULL,NULL,NULL,NULL
158,1,7,Admiyan,NULL,NULL,NULL,NULL,NULL,NULL,NULL
159,1,7,Arjuni,NULL,NULL,NULL,NULL,NULL,NULL,NULL
160,1,7,"Boddiguda G",NULL,NULL,NULL,NULL,NULL,NULL,NULL
161,1,7,"Dhaba B",NULL,NULL,NULL,NULL,NULL,NULL,NULL
162,1,7,"Dhaba K",NULL,NULL,NULL,NULL,NULL,NULL,NULL
163,1,7,Dongargaon,NULL,NULL,NULL,NULL,NULL,NULL,NULL
164,1,7,Gadiguda,NULL,NULL,NULL,NULL,NULL,NULL,NULL
165,1,7,Khadki,NULL,NULL,NULL,NULL,NULL,NULL,NULL
166,1,7,Khadodi,NULL,NULL,NULL,NULL,NULL,NULL,NULL
167,1,7,Khandow,NULL,NULL,NULL,NULL,NULL,NULL,NULL
168,1,7,Kolama,NULL,NULL,NULL,NULL,NULL,NULL,NULL
169,1,7,"Kothapalle G",NULL,NULL,NULL,NULL,NULL,NULL,NULL
170,1,7,"Kundi Shekuguda",NULL,NULL,NULL,NULL,NULL,NULL,NULL
171,1,7,"Kunikasa G",NULL,NULL,NULL,NULL,NULL,NULL,NULL
172,1,7,"Lokari B",NULL,NULL,NULL,NULL,NULL,NULL,NULL
173,1,7,"Lokari K",NULL,NULL,NULL,NULL,NULL,NULL,NULL
174,1,7,Mediguda,NULL,NULL,NULL,NULL,NULL,NULL,NULL
175,1,7,"Paraswada B",NULL,NULL,NULL,NULL,NULL,NULL,NULL
176,1,7,"Paraswada K",NULL,NULL,NULL,NULL,NULL,NULL,NULL
177,1,7,Pipri,NULL,NULL,NULL,NULL,NULL,NULL,NULL
178,1,7,Rampur,NULL,NULL,NULL,NULL,NULL,NULL,NULL
179,1,7,Romankasa,NULL,NULL,NULL,NULL,NULL,NULL,NULL
180,1,7,Rupapur,NULL,NULL,NULL,NULL,NULL,NULL,NULL
181,1,7,Sangvi,NULL,NULL,NULL,NULL,NULL,NULL,NULL
182,1,7,Savri,NULL,NULL,NULL,NULL,NULL,NULL,NULL
183,1,8,Belluri,NULL,NULL,NULL,NULL,NULL,NULL,NULL
184,1,8,Damanguda,NULL,NULL,NULL,NULL,NULL,NULL,NULL
185,1,8,Dongargaon,NULL,NULL,NULL,NULL,NULL,NULL,NULL
186,1,8,"Garkampet - I",NULL,NULL,NULL,NULL,NULL,NULL,NULL
187,1,8,"Gond Harkapur",NULL,NULL,NULL,NULL,NULL,NULL,NULL
188,1,8,Gudihathinur,NULL,NULL,NULL,NULL,NULL,NULL,NULL
189,1,8,Guruj,NULL,NULL,NULL,NULL,NULL,NULL,NULL
190,1,8,"Kamala Pur",NULL,NULL,NULL,NULL,NULL,NULL,NULL
191,1,8,Kolhari,NULL,NULL,NULL,NULL,NULL,NULL,NULL
192,1,8,Lingapur,NULL,NULL,NULL,NULL,NULL,NULL,NULL
193,1,8,Machapur,NULL,NULL,NULL,NULL,NULL,NULL,NULL
194,1,8,Malkapoor,NULL,NULL,NULL,NULL,NULL,NULL,NULL
195,1,8,Mankapoor,NULL,NULL,NULL,NULL,NULL,NULL,NULL
196,1,8,Mannur,NULL,NULL,NULL,NULL,NULL,NULL,NULL
197,1,8,Muthnur,NULL,NULL,NULL,NULL,NULL,NULL,NULL
198,1,8,"Muthnur Tanda",NULL,NULL,NULL,NULL,NULL,NULL,NULL
199,1,8,Ragapoor,NULL,NULL,NULL,NULL,NULL,NULL,NULL
200,1,8,Seetagondi,NULL,NULL,NULL,NULL,NULL,NULL,NULL
201,1,8,Shambuguda,NULL,NULL,NULL,NULL,NULL,NULL,NULL
202,1,8,Shantapur,NULL,NULL,NULL,NULL,NULL,NULL,NULL
203,1,8,Soyamguda,NULL,NULL,NULL,NULL,NULL,NULL,NULL
204,1,8,Suryaguda,NULL,NULL,NULL,NULL,NULL,NULL,NULL
205,1,8,Tosham,NULL,NULL,NULL,NULL,NULL,NULL,NULL
206,1,8,"Tosham Tanda",NULL,NULL,NULL,NULL,NULL,NULL,NULL
207,1,8,"Umri B",NULL,NULL,NULL,NULL,NULL,NULL,NULL
208,1,8,Vaizapoor,NULL,NULL,NULL,NULL,NULL,NULL,NULL
209,1,9,"Adegaon K",NULL,NULL,NULL,NULL,NULL,NULL,NULL
210,1,9,Adegaon-B,NULL,NULL,NULL,NULL,NULL,NULL,NULL
211,1,9,Babjipet,NULL,NULL,NULL,NULL,NULL,NULL,NULL
212,1,9,Boregaon,NULL,NULL,NULL,NULL,NULL,NULL,NULL
213,1,9,Chincholi,NULL,NULL,NULL,NULL,NULL,NULL,NULL
214,1,9,"Devulnaik Thanda",NULL,NULL,NULL,NULL,NULL,NULL,NULL
215,1,9,"Dhaba B",NULL,NULL,NULL,NULL,NULL,NULL,NULL
216,1,9,"Dhabha K",NULL,NULL,NULL,NULL,NULL,NULL,NULL
217,1,9,Dharampuri,NULL,NULL,NULL,NULL,NULL,NULL,NULL
218,1,9,"Dubarpet (A)",NULL,NULL,NULL,NULL,NULL,NULL,NULL
219,1,9,Girjam,NULL,NULL,NULL,NULL,NULL,NULL,NULL
220,1,9,Gundala,NULL,NULL,NULL,NULL,NULL,NULL,NULL
221,1,9,Gundivagu,NULL,NULL,NULL,NULL,NULL,NULL,NULL
222,1,9,Heerapur,NULL,NULL,NULL,NULL,NULL,NULL,NULL
223,1,9,Ichoda,NULL,NULL,NULL,NULL,NULL,NULL,NULL
224,1,9,Jalda,NULL,NULL,NULL,NULL,NULL,NULL,NULL
225,1,9,Jamidi,NULL,NULL,NULL,NULL,NULL,NULL,NULL
226,1,9,Junni,NULL,NULL,NULL,NULL,NULL,NULL,NULL
227,1,9,Kamagiri,NULL,NULL,NULL,NULL,NULL,NULL,NULL
228,1,9,Keshavpatnam,NULL,NULL,NULL,NULL,NULL,NULL,NULL
229,1,9,Kokasmannur,NULL,NULL,NULL,NULL,NULL,NULL,NULL
230,1,9,Madapur,NULL,NULL,NULL,NULL,NULL,NULL,NULL
231,1,9,Malyal,NULL,NULL,NULL,NULL,NULL,NULL,NULL
232,1,9,Mankapur,NULL,NULL,NULL,NULL,NULL,NULL,NULL
233,1,9,"Mokhra- B",NULL,NULL,NULL,NULL,NULL,NULL,NULL
234,1,9,"Mukra (K)",NULL,NULL,NULL,NULL,NULL,NULL,NULL
235,1,9,Narsapur,NULL,NULL,NULL,NULL,NULL,NULL,NULL
236,1,9,Navegaon,NULL,NULL,NULL,NULL,NULL,NULL,NULL
237,1,9,Salyada,NULL,NULL,NULL,NULL,NULL,NULL,NULL
238,1,9,Sathnumber,NULL,NULL,NULL,NULL,NULL,NULL,NULL
239,1,9,Sirichalma,NULL,NULL,NULL,NULL,NULL,NULL,NULL
240,1,9,Talamadri,NULL,NULL,NULL,NULL,NULL,NULL,NULL
241,1,9,Yellammaguda,NULL,NULL,NULL,NULL,NULL,NULL,NULL
242,1,10,Anjee,NULL,NULL,NULL,NULL,NULL,NULL,NULL
243,1,10,Bikkutanda,NULL,NULL,NULL,NULL,NULL,NULL,NULL
244,1,10,Dasnapur,NULL,NULL,NULL,NULL,NULL,NULL,NULL
245,1,10,Devapur,NULL,NULL,NULL,NULL,NULL,NULL,NULL
246,1,10,"Dhannura (B)",NULL,NULL,NULL,NULL,NULL,NULL,NULL
247,1,10,Dodanda,NULL,NULL,NULL,NULL,NULL,NULL,NULL
248,1,10,Dongargaon,NULL,NULL,NULL,NULL,NULL,NULL,NULL
249,1,10,Eshwarnagar,NULL,NULL,NULL,NULL,NULL,NULL,NULL
250,1,10,Gattepally,NULL,NULL,NULL,NULL,NULL,NULL,NULL
251,1,10,Ginnera,NULL,NULL,NULL,NULL,NULL,NULL,NULL
252,1,10,Gourapur,NULL,NULL,NULL,NULL,NULL,NULL,NULL
253,1,10,Harkapur,NULL,NULL,NULL,NULL,NULL,NULL,NULL
254,1,10,"Harkapur Tanda",NULL,NULL,NULL,NULL,NULL,NULL,NULL
255,1,10,Heerapur,NULL,NULL,NULL,NULL,NULL,NULL,NULL
256,1,10,"Indervelly B",NULL,NULL,NULL,NULL,NULL,NULL,NULL
257,1,10,Keslapur,NULL,NULL,NULL,NULL,NULL,NULL,NULL
258,1,10,Markaguda,NULL,NULL,NULL,NULL,NULL,NULL,NULL
259,1,10,Mendapally,NULL,NULL,NULL,NULL,NULL,NULL,NULL
260,1,10,Muthnur,NULL,NULL,NULL,NULL,NULL,NULL,NULL
261,1,10,Pipri,NULL,NULL,NULL,NULL,NULL,NULL,NULL
262,1,10,Pittabongaram,NULL,NULL,NULL,NULL,NULL,NULL,NULL
263,1,10,Samakka,NULL,NULL,NULL,NULL,NULL,NULL,NULL
264,1,10,"Shankar Guda",NULL,NULL,NULL,NULL,NULL,NULL,NULL
265,1,10,Tejapur,NULL,NULL,NULL,NULL,NULL,NULL,NULL
266,1,10,Tummaguda,NULL,NULL,NULL,NULL,NULL,NULL,NULL
267,1,10,Wadagaon,NULL,NULL,NULL,NULL,NULL,NULL,NULL
268,1,10,Walgonda,NULL,NULL,NULL,NULL,NULL,NULL,NULL
269,1,10,Ymaikunta,NULL,NULL,NULL,NULL,NULL,NULL,NULL
270,1,11,Ada,NULL,NULL,NULL,NULL,NULL,NULL,NULL
271,1,11,Akurla,NULL,NULL,NULL,NULL,NULL,NULL,NULL
272,1,11,Bahadurpur,NULL,NULL,NULL,NULL,NULL,NULL,NULL
273,1,11,Belgaon,NULL,NULL,NULL,NULL,NULL,NULL,NULL
274,1,11,Belluri,NULL,NULL,NULL,NULL,NULL,NULL,NULL
275,1,11,Deepaiguda,NULL,NULL,NULL,NULL,NULL,NULL,NULL
276,1,11,Jainad,NULL,NULL,NULL,NULL,NULL,NULL,NULL
277,1,11,Kamta,NULL,NULL,NULL,NULL,NULL,NULL,NULL
278,1,11,"Karanji (K)",NULL,NULL,NULL,NULL,NULL,NULL,NULL
279,1,11,Khapri,NULL,NULL,NULL,NULL,NULL,NULL,NULL
280,1,11,Kowtha,NULL,NULL,NULL,NULL,NULL,NULL,NULL
281,1,11,Kura,NULL,NULL,NULL,NULL,NULL,NULL,NULL
282,1,11,Laxmipur,NULL,NULL,NULL,NULL,NULL,NULL,NULL
283,1,11,Makoda,NULL,NULL,NULL,NULL,NULL,NULL,NULL
284,1,11,Nirala,NULL,NULL,NULL,NULL,NULL,NULL,NULL
285,1,11,Pippalgoan,NULL,NULL,NULL,NULL,NULL,NULL,NULL
286,1,11,Sangvi(K),NULL,NULL,NULL,NULL,NULL,NULL,NULL
287,1,12,Battisawargoan,NULL,NULL,NULL,NULL,NULL,NULL,NULL
288,1,12,Mavala,NULL,NULL,NULL,NULL,NULL,NULL,NULL
289,1,12,Waghapur,NULL,NULL,NULL,NULL,NULL,NULL,NULL
290,1,13,Babjhari,NULL,NULL,NULL,NULL,NULL,NULL,NULL
291,1,13,Balanpur,NULL,NULL,NULL,NULL,NULL,NULL,NULL
292,1,13,Bethalguda,NULL,NULL,NULL,NULL,NULL,NULL,NULL
293,1,13,Bhimpur,NULL,NULL,NULL,NULL,NULL,NULL,NULL
294,1,13,Chorgaon,NULL,NULL,NULL,NULL,NULL,NULL,NULL
295,1,13,"Empally G",NULL,NULL,NULL,NULL,NULL,NULL,NULL
296,1,13,Gangapur,NULL,NULL,NULL,NULL,NULL,NULL,NULL
297,1,13,"Gundala G",NULL,NULL,NULL,NULL,NULL,NULL,NULL
298,1,13,Gunjala,NULL,NULL,NULL,NULL,NULL,NULL,NULL
299,1,13,Jamda,NULL,NULL,NULL,NULL,NULL,NULL,NULL
300,1,13,Khairdatwa,NULL,NULL,NULL,NULL,NULL,NULL,NULL
301,1,13,Khampur,NULL,NULL,NULL,NULL,NULL,NULL,NULL
302,1,13,"Kothapally H",NULL,NULL,NULL,NULL,NULL,NULL,NULL
303,1,13,Mahagaon,NULL,NULL,NULL,NULL,NULL,NULL,NULL
304,1,13,Malangi,NULL,NULL,NULL,NULL,NULL,NULL,NULL
305,1,13,Malepur,NULL,NULL,NULL,NULL,NULL,NULL,NULL
306,1,13,Mankapur,NULL,NULL,NULL,NULL,NULL,NULL,NULL
307,1,13,Marapaguda,NULL,NULL,NULL,NULL,NULL,NULL,NULL
308,1,13,Nagolkonda,NULL,NULL,NULL,NULL,NULL,NULL,NULL
309,1,13,Narnoor,NULL,NULL,NULL,NULL,NULL,NULL,NULL
310,1,13,"Sungapur Kolamguda",NULL,NULL,NULL,NULL,NULL,NULL,NULL
311,1,13,Tadihadpanur,NULL,NULL,NULL,NULL,NULL,NULL,NULL
312,1,13,Umri,NULL,NULL,NULL,NULL,NULL,NULL,NULL
313,1,14,Arepally,NULL,NULL,NULL,NULL,NULL,NULL,NULL
314,1,14,"Bandham Regadi",NULL,NULL,NULL,NULL,NULL,NULL,NULL
315,1,14,Bondidi,NULL,NULL,NULL,NULL,NULL,NULL,NULL
316,1,14,Boregaom,NULL,NULL,NULL,NULL,NULL,NULL,NULL
317,1,14,Buddhikonda,NULL,NULL,NULL,NULL,NULL,NULL,NULL
318,1,14,Buggaram,NULL,NULL,NULL,NULL,NULL,NULL,NULL
319,1,14,"Chinna Buggaram",NULL,NULL,NULL,NULL,NULL,NULL,NULL
320,1,14,"Darba Thanda",NULL,NULL,NULL,NULL,NULL,NULL,NULL
321,1,14,Guthpala,NULL,NULL,NULL,NULL,NULL,NULL,NULL
322,1,14,Ispur,NULL,NULL,NULL,NULL,NULL,NULL,NULL
323,1,14,Kishtapur,NULL,NULL,NULL,NULL,NULL,NULL,NULL
324,1,14,"Koratikal (K)",NULL,NULL,NULL,NULL,NULL,NULL,NULL
325,1,14,"Koratkal (B)",NULL,NULL,NULL,NULL,NULL,NULL,NULL
326,1,14,Kumari,NULL,NULL,NULL,NULL,NULL,NULL,NULL
327,1,14,"Kuntala (Buzurg)",NULL,NULL,NULL,NULL,NULL,NULL,NULL
328,1,14,"Kuntala (Kurd)",NULL,NULL,NULL,NULL,NULL,NULL,NULL
329,1,14,"Lakhampur (G)",NULL,NULL,NULL,NULL,NULL,NULL,NULL
330,1,14,Lingatla,NULL,NULL,NULL,NULL,NULL,NULL,NULL
331,1,14,Nagamalyal,NULL,NULL,NULL,NULL,NULL,NULL,NULL
332,1,14,Narayanpur,NULL,NULL,NULL,NULL,NULL,NULL,NULL
333,1,14,Neradigonda,NULL,NULL,NULL,NULL,NULL,NULL,NULL
334,1,14,Peechara,NULL,NULL,NULL,NULL,NULL,NULL,NULL
335,1,14,Rajura,NULL,NULL,NULL,NULL,NULL,NULL,NULL
336,1,14,Rolmamda,NULL,NULL,NULL,NULL,NULL,NULL,NULL
337,1,14,"Sawargaon (Road)",NULL,NULL,NULL,NULL,NULL,NULL,NULL
338,1,14,"Tarnam (K)",NULL,NULL,NULL,NULL,NULL,NULL,NULL
339,1,14,Tejapur,NULL,NULL,NULL,NULL,NULL,NULL,NULL
340,1,14,Venkatapur,NULL,NULL,NULL,NULL,NULL,NULL,NULL
341,1,14,Waddur,NULL,NULL,NULL,NULL,NULL,NULL,NULL
342,1,14,Wagdhari,NULL,NULL,NULL,NULL,NULL,NULL,NULL
343,1,14,Wankidi,NULL,NULL,NULL,NULL,NULL,NULL,NULL
344,1,14,Yapalguda,NULL,NULL,NULL,NULL,NULL,NULL,NULL
345,1,15,Douna,NULL,NULL,NULL,NULL,NULL,NULL,NULL
346,1,15,Dubbaguda,NULL,NULL,NULL,NULL,NULL,NULL,NULL
347,1,15,Jamini,NULL,NULL,NULL,NULL,NULL,NULL,NULL
348,1,15,Jamuldhari,NULL,NULL,NULL,NULL,NULL,NULL,NULL
349,1,15,"Kanpa Mediguda C",NULL,NULL,NULL,NULL,NULL,NULL,NULL
350,1,15,"Kanpamediguda (R)",NULL,NULL,NULL,NULL,NULL,NULL,NULL
351,1,15,Khara,NULL,NULL,NULL,NULL,NULL,NULL,NULL
352,1,15,Mangurla,NULL,NULL,NULL,NULL,NULL,NULL,NULL
353,1,15,Maruguda,NULL,NULL,NULL,NULL,NULL,NULL,NULL
354,1,15,"New Rampur",NULL,NULL,NULL,NULL,NULL,NULL,NULL
355,1,15,"Pardi B",NULL,NULL,NULL,NULL,NULL,NULL,NULL
356,1,15,Pardi-K,NULL,NULL,NULL,NULL,NULL,NULL,NULL
357,1,15,Ramai,NULL,NULL,NULL,NULL,NULL,NULL,NULL
358,1,15,"Sangvi (G)",NULL,NULL,NULL,NULL,NULL,NULL,NULL
359,1,15,Sundargiri,NULL,NULL,NULL,NULL,NULL,NULL,NULL
360,1,15,Syedpur,NULL,NULL,NULL,NULL,NULL,NULL,NULL
361,1,15,Toyaguda,NULL,NULL,NULL,NULL,NULL,NULL,NULL
362,1,16,Dharmasagar,NULL,NULL,NULL,NULL,NULL,NULL,NULL
363,1,16,"Fakirnaik Tanda",NULL,NULL,NULL,NULL,NULL,NULL,NULL
364,1,16,Jendaguda,NULL,NULL,NULL,NULL,NULL,NULL,NULL
365,1,16,Kannapur,NULL,NULL,NULL,NULL,NULL,NULL,NULL
366,1,16,Kondapur,NULL,NULL,NULL,NULL,NULL,NULL,NULL
367,1,16,Kuntaguda,NULL,NULL,NULL,NULL,NULL,NULL,NULL
368,1,16,"Lachimpur B",NULL,NULL,NULL,NULL,NULL,NULL,NULL
369,1,16,Mallapur,NULL,NULL,NULL,NULL,NULL,NULL,NULL
370,1,16,Narayanpur,NULL,NULL,NULL,NULL,NULL,NULL,NULL
371,1,16,Neredigonda-G,NULL,NULL,NULL,NULL,NULL,NULL,NULL
372,1,16,Pochampalle,NULL,NULL,NULL,NULL,NULL,NULL,NULL
373,1,16,Ponna,NULL,NULL,NULL,NULL,NULL,NULL,NULL
374,1,16,Raiguda,NULL,NULL,NULL,NULL,NULL,NULL,NULL
375,1,16,"Rampur B",NULL,NULL,NULL,NULL,NULL,NULL,NULL
376,1,16,Rimma,NULL,NULL,NULL,NULL,NULL,NULL,NULL
377,1,16,Sirikonda,NULL,NULL,NULL,NULL,NULL,NULL,NULL
378,1,16,Soanpalle,NULL,NULL,NULL,NULL,NULL,NULL,NULL
379,1,16,Sunkidi,NULL,NULL,NULL,NULL,NULL,NULL,NULL
380,1,16,Waipet,NULL,NULL,NULL,NULL,NULL,NULL,NULL
381,1,17,Chintalbori,NULL,NULL,NULL,NULL,NULL,NULL,NULL
382,1,17,"Devulnayak Thanda",NULL,NULL,NULL,NULL,NULL,NULL,NULL
383,1,17,Ghanpur,NULL,NULL,NULL,NULL,NULL,NULL,NULL
384,1,17,"Gurrala Thanda",NULL,NULL,NULL,NULL,NULL,NULL,NULL
385,1,17,"Guttapakka Thanda",NULL,NULL,NULL,NULL,NULL,NULL,NULL
386,1,17,Keshavguda,NULL,NULL,NULL,NULL,NULL,NULL,NULL
387,1,17,"Kota (K)",NULL,NULL,NULL,NULL,NULL,NULL,NULL
388,1,17,"Pardi (B)",NULL,NULL,NULL,NULL,NULL,NULL,NULL
389,1,17,"Pardi (K)",NULL,NULL,NULL,NULL,NULL,NULL,NULL
390,1,17,Sakhera,NULL,NULL,NULL,NULL,NULL,NULL,NULL
391,1,17,Sonala,NULL,NULL,NULL,NULL,NULL,NULL,NULL
392,1,17,Wajar,NULL,NULL,NULL,NULL,NULL,NULL,NULL
393,1,18,Arli(K),NULL,NULL,NULL,NULL,NULL,NULL,NULL
394,1,18,Bharampur,NULL,NULL,NULL,NULL,NULL,NULL,NULL
395,1,18,Cherlapally,NULL,NULL,NULL,NULL,NULL,NULL,NULL
396,1,18,Devapur,NULL,NULL,NULL,NULL,NULL,NULL,NULL
397,1,18,Dorli,NULL,NULL,NULL,NULL,NULL,NULL,NULL
398,1,18,Jhari,NULL,NULL,NULL,NULL,NULL,NULL,NULL
399,1,18,Kajjarla,NULL,NULL,NULL,NULL,NULL,NULL,NULL
400,1,18,Kappardevi,NULL,NULL,NULL,NULL,NULL,NULL,NULL
401,1,18,Khodad,NULL,NULL,NULL,NULL,NULL,NULL,NULL
402,1,18,Kosai,NULL,NULL,NULL,NULL,NULL,NULL,NULL
403,1,18,Kothur,NULL,NULL,NULL,NULL,NULL,NULL,NULL
404,1,18,Kuchalapoor,NULL,NULL,NULL,NULL,NULL,NULL,NULL
405,1,18,Lachampur,NULL,NULL,NULL,NULL,NULL,NULL,NULL
406,1,18,Laxmipur,NULL,NULL,NULL,NULL,NULL,NULL,NULL
407,1,18,Lingi,NULL,NULL,NULL,NULL,NULL,NULL,NULL
408,1,18,Nandigaon,NULL,NULL,NULL,NULL,NULL,NULL,NULL
409,1,18,"Palasi B",NULL,NULL,NULL,NULL,NULL,NULL,NULL
410,1,18,Palle(B),NULL,NULL,NULL,NULL,NULL,NULL,NULL
411,1,18,"Palli K",NULL,NULL,NULL,NULL,NULL,NULL,NULL
412,1,18,"Palsi B Tanda",NULL,NULL,NULL,NULL,NULL,NULL,NULL
413,1,18,"Palsi K",NULL,NULL,NULL,NULL,NULL,NULL,NULL
414,1,18,Punaguda,NULL,NULL,NULL,NULL,NULL,NULL,NULL
415,1,18,Rathnapur,NULL,NULL,NULL,NULL,NULL,NULL,NULL
416,1,18,Ruyyadi,NULL,NULL,NULL,NULL,NULL,NULL,NULL
417,1,18,Sakinapur,NULL,NULL,NULL,NULL,NULL,NULL,NULL
418,1,18,Sunkidi,NULL,NULL,NULL,NULL,NULL,NULL,NULL
419,1,18,Talamadugu,NULL,NULL,NULL,NULL,NULL,NULL,NULL
420,1,18,Umdam,NULL,NULL,NULL,NULL,NULL,NULL,NULL
421,1,18,Umri,NULL,NULL,NULL,NULL,NULL,NULL,NULL
422,1,19,Ambugaon,NULL,NULL,NULL,NULL,NULL,NULL,NULL
423,1,19,Atnamguda,NULL,NULL,NULL,NULL,NULL,NULL,NULL
424,1,19,"Bandal Nagpur",NULL,NULL,NULL,NULL,NULL,NULL,NULL
425,1,19,Ghotkuri,NULL,NULL,NULL,NULL,NULL,NULL,NULL
426,1,19,Girigaon,NULL,NULL,NULL,NULL,NULL,NULL,NULL
427,1,19,Hasnapur,NULL,NULL,NULL,NULL,NULL,NULL,NULL
428,1,19,Jamidi,NULL,NULL,NULL,NULL,NULL,NULL,NULL
429,1,19,Khapperla,NULL,NULL,NULL,NULL,NULL,NULL,NULL
430,1,19,Leemguda,NULL,NULL,NULL,NULL,NULL,NULL,NULL
431,1,19,Palodi,NULL,NULL,NULL,NULL,NULL,NULL,NULL
432,1,19,Ponnari,NULL,NULL,NULL,NULL,NULL,NULL,NULL
433,1,19,Sawargaon,NULL,NULL,NULL,NULL,NULL,NULL,NULL
434,1,19,"Tamsi (B)",NULL,NULL,NULL,NULL,NULL,NULL,NULL
435,1,19,Waddadi,NULL,NULL,NULL,NULL,NULL,NULL,NULL
436,1,20,Babapur,NULL,NULL,NULL,NULL,NULL,NULL,NULL
437,1,20,Birsaipet,NULL,NULL,NULL,NULL,NULL,NULL,NULL
438,1,20,Chandur,NULL,NULL,NULL,NULL,NULL,NULL,NULL
439,1,20,Cheruvuguda,NULL,NULL,NULL,NULL,NULL,NULL,NULL
440,1,20,Chinthakarra,NULL,NULL,NULL,NULL,NULL,NULL,NULL
441,1,20,Danthanpalle,NULL,NULL,NULL,NULL,NULL,NULL,NULL
442,1,20,Dongachintha,NULL,NULL,NULL,NULL,NULL,NULL,NULL
443,1,20,Gangapur,NULL,NULL,NULL,NULL,NULL,NULL,NULL
444,1,20,Ghanpur,NULL,NULL,NULL,NULL,NULL,NULL,NULL
445,1,20,Gonduguda-G,NULL,NULL,NULL,NULL,NULL,NULL,NULL
446,1,20,Hasnapur,NULL,NULL,NULL,NULL,NULL,NULL,NULL
447,1,20,Heerapur-J,NULL,NULL,NULL,NULL,NULL,NULL,NULL
448,1,20,Jaitharamthanda,NULL,NULL,NULL,NULL,NULL,NULL,NULL
449,1,20,Jamalthanda,NULL,NULL,NULL,NULL,NULL,NULL,NULL
450,1,20,Kamaipet,NULL,NULL,NULL,NULL,NULL,NULL,NULL
451,1,20,Kannapur,NULL,NULL,NULL,NULL,NULL,NULL,NULL
452,1,20,Kummarithanda,NULL,NULL,NULL,NULL,NULL,NULL,NULL
453,1,20,Lakkaram,NULL,NULL,NULL,NULL,NULL,NULL,NULL
454,1,20,Luxettipet,NULL,NULL,NULL,NULL,NULL,NULL,NULL
455,1,20,Marugudam,NULL,NULL,NULL,NULL,NULL,NULL,NULL
456,1,20,Mathadiguda,NULL,NULL,NULL,NULL,NULL,NULL,NULL
457,1,20,Naddamguda,NULL,NULL,NULL,NULL,NULL,NULL,NULL
458,1,20,Nagapur,NULL,NULL,NULL,NULL,NULL,NULL,NULL
459,1,20,"Narsapur (B)",NULL,NULL,NULL,NULL,NULL,NULL,NULL
460,1,20,Narsapur-J,NULL,NULL,NULL,NULL,NULL,NULL,NULL
461,1,20,Pulimadgu,NULL,NULL,NULL,NULL,NULL,NULL,NULL
462,1,20,Sakera-B,NULL,NULL,NULL,NULL,NULL,NULL,NULL
463,1,20,"Salewada (B)",NULL,NULL,NULL,NULL,NULL,NULL,NULL
464,1,20,"Salewada (K)",NULL,NULL,NULL,NULL,NULL,NULL,NULL
465,1,20,Shampur,NULL,NULL,NULL,NULL,NULL,NULL,NULL
466,1,20,Shyamnaikthanda,NULL,NULL,NULL,NULL,NULL,NULL,NULL
467,1,20,Takkuguda,NULL,NULL,NULL,NULL,NULL,NULL,NULL
468,1,20,Thandra,NULL,NULL,NULL,NULL,NULL,NULL,NULL
469,1,20,Umri,NULL,NULL,NULL,NULL,NULL,NULL,NULL
470,1,20,Utnur,NULL,NULL,NULL,NULL,NULL,NULL,NULL
471,1,20,Wadgalpur-K,NULL,NULL,NULL,NULL,NULL,NULL,NULL
472,1,20,"X-Road (Lingoji Thanda)",NULL,NULL,NULL,NULL,NULL,NULL,NULL
473,1,20,Yenda,NULL,NULL,NULL,NULL,NULL,NULL,NULL
474,1,21,"Adilabad (U) ",NULL,NULL,NULL,NULL,NULL,NULL,NULL
475,2,22,Adaviramaram,NULL,NULL,NULL,NULL,NULL,NULL,NULL
476,2,22,Allapalli,NULL,NULL,NULL,NULL,NULL,NULL,NULL
477,2,22,Ananthogu,NULL,NULL,NULL,NULL,NULL,NULL,NULL
478,2,22,Bodaikunta,NULL,NULL,NULL,NULL,NULL,NULL,NULL
479,2,22,Dongathogu,NULL,NULL,NULL,NULL,NULL,NULL,NULL
480,2,22,Markodu,NULL,NULL,NULL,NULL,NULL,NULL,NULL
481,2,22,Nadimigudem,NULL,NULL,NULL,NULL,NULL,NULL,NULL
482,2,22,Pathuru,NULL,NULL,NULL,NULL,NULL,NULL,NULL
483,2,22,"Pedda Venkatapuram",NULL,NULL,NULL,NULL,NULL,NULL,NULL
484,2,22,Raghavapuram,NULL,NULL,NULL,NULL,NULL,NULL,NULL
485,2,22,Ramanujagudem,NULL,NULL,NULL,NULL,NULL,NULL,NULL
486,2,22,Rayapadu,NULL,NULL,NULL,NULL,NULL,NULL,NULL
487,2,23,Abbugudem,NULL,NULL,NULL,NULL,NULL,NULL,NULL
488,2,23,Annapureddipalli,NULL,NULL,NULL,NULL,NULL,NULL,NULL
489,2,23,Bheemunigudem,NULL,NULL,NULL,NULL,NULL,NULL,NULL
490,2,23,Gumpena,NULL,NULL,NULL,NULL,NULL,NULL,NULL
491,2,23,Marrigudem,NULL,NULL,NULL,NULL,NULL,NULL,NULL
492,2,23,Narsapuram,NULL,NULL,NULL,NULL,NULL,NULL,NULL
493,2,23,Peddireddigudem,NULL,NULL,NULL,NULL,NULL,NULL,NULL
494,2,23,Pentlam,NULL,NULL,NULL,NULL,NULL,NULL,NULL
495,2,23,Thottipampu,NULL,NULL,NULL,NULL,NULL,NULL,NULL
496,2,23,Vootupalli,NULL,NULL,NULL,NULL,NULL,NULL,NULL
497,2,24,Amerda,NULL,NULL,NULL,NULL,NULL,NULL,NULL
498,2,24,Ammagaripalli,NULL,NULL,NULL,NULL,NULL,NULL,NULL
499,2,24,Anandapuram,NULL,NULL,NULL,NULL,NULL,NULL,NULL
500,2,24,Aswapuram,NULL,NULL,NULL,NULL,NULL,NULL,NULL
501,2,24,Battilagumpu,NULL,NULL,NULL,NULL,NULL,NULL,NULL
502,2,24,"Chinthiryala Colony",NULL,NULL,NULL,NULL,NULL,NULL,NULL
503,2,24,Chintriyala,NULL,NULL,NULL,NULL,NULL,NULL,NULL
504,2,24,Gollagudem,NULL,NULL,NULL,NULL,NULL,NULL,NULL
505,2,24,Gondigudem,NULL,NULL,NULL,NULL,NULL,NULL,NULL
506,2,24,"Gondigudem Kothuru",NULL,NULL,NULL,NULL,NULL,NULL,NULL
507,2,24,Jaggaram,NULL,NULL,NULL,NULL,NULL,NULL,NULL
508,2,24,Kalyanapuram,NULL,NULL,NULL,NULL,NULL,NULL,NULL
509,2,24,Mallelamadugu,NULL,NULL,NULL,NULL,NULL,NULL,NULL
510,2,24,Manobothulapadu,NULL,NULL,NULL,NULL,NULL,NULL,NULL
511,2,24,Mittagudem,NULL,NULL,NULL,NULL,NULL,NULL,NULL
512,2,24,Mondikunta,NULL,NULL,NULL,NULL,NULL,NULL,NULL
513,2,24,Nellipaka,NULL,NULL,NULL,NULL,NULL,NULL,NULL
514,2,24,Ramachandrapuram,NULL,NULL,NULL,NULL,NULL,NULL,NULL
515,2,24,Sandralabodu,NULL,NULL,NULL,NULL,NULL,NULL,NULL
516,2,24,Seetharampuram,NULL,NULL,NULL,NULL,NULL,NULL,NULL
517,2,24,Thummalacheruvu,NULL,NULL,NULL,NULL,NULL,NULL,NULL
518,2,24,"Thurramvari Gudem",NULL,NULL,NULL,NULL,NULL,NULL,NULL
519,2,24,Venkatapuram,NULL,NULL,NULL,NULL,NULL,NULL,NULL
520,2,24,Yalakalagudem,NULL,NULL,NULL,NULL,NULL,NULL,NULL
521,2,25,Achuthapuram,NULL,NULL,NULL,NULL,NULL,NULL,NULL
522,2,25,Anantharam,NULL,NULL,NULL,NULL,NULL,NULL,NULL
523,2,25,Asupaka,NULL,NULL,NULL,NULL,NULL,NULL,NULL
524,2,25,Bachuvarigudem,NULL,NULL,NULL,NULL,NULL,NULL,NULL
525,2,25,Dibbagudem,NULL,NULL,NULL,NULL,NULL,NULL,NULL
526,2,25,Gandlagudem,NULL,NULL,NULL,NULL,NULL,NULL,NULL
527,2,25,Gummadavalli,NULL,NULL,NULL,NULL,NULL,NULL,NULL
528,2,25,Jammigudem,NULL,NULL,NULL,NULL,NULL,NULL,NULL
529,2,25,Kannaigudem,NULL,NULL,NULL,NULL,NULL,NULL,NULL
530,2,25,Kavidigundla,NULL,NULL,NULL,NULL,NULL,NULL,NULL
531,2,25,Kessappagudem,NULL,NULL,NULL,NULL,NULL,NULL,NULL
532,2,25,"Kotha Mamillavari Gudem",NULL,NULL,NULL,NULL,NULL,NULL,NULL
533,2,25,"Koya Rangapuram",NULL,NULL,NULL,NULL,NULL,NULL,NULL
534,2,25,Maddikonda,NULL,NULL,NULL,NULL,NULL,NULL,NULL
535,2,25,Mallaigudem,NULL,NULL,NULL,NULL,NULL,NULL,NULL
536,2,25,Moddulamada,NULL,NULL,NULL,NULL,NULL,NULL,NULL
537,2,25,Nandipadu,NULL,NULL,NULL,NULL,NULL,NULL,NULL
538,2,25,Naramvarigudem,NULL,NULL,NULL,NULL,NULL,NULL,NULL
539,2,25,"Naramvarigudem Colony",NULL,NULL,NULL,NULL,NULL,NULL,NULL
540,2,25,"Narayana Puram",NULL,NULL,NULL,NULL,NULL,NULL,NULL
541,2,25,Ootlapalli,NULL,NULL,NULL,NULL,NULL,NULL,NULL
542,2,25,"Patha Alligudem",NULL,NULL,NULL,NULL,NULL,NULL,NULL
543,2,25,Pathareddygudem,NULL,NULL,NULL,NULL,NULL,NULL,NULL
544,2,25,Ramannagudem,NULL,NULL,NULL,NULL,NULL,NULL,NULL
545,2,25,Tirumalakunta,NULL,NULL,NULL,NULL,NULL,NULL,NULL
546,2,25,Vedanthapuram,NULL,NULL,NULL,NULL,NULL,NULL,NULL
547,2,25,Vinayakapuram,NULL,NULL,NULL,NULL,NULL,NULL,NULL
548,2,26,Bhadrachalam,NULL,NULL,NULL,NULL,NULL,NULL,NULL
549,2,27,Anjanapuram,NULL,NULL,NULL,NULL,NULL,NULL,NULL
550,2,27,Burgampahad,NULL,NULL,NULL,NULL,NULL,NULL,NULL
551,2,27,Iravendi,NULL,NULL,NULL,NULL,NULL,NULL,NULL
552,2,27,Koyagudem,NULL,NULL,NULL,NULL,NULL,NULL,NULL
553,2,27,Krishnasagar,NULL,NULL,NULL,NULL,NULL,NULL,NULL
554,2,27,Lakshmipuram,NULL,NULL,NULL,NULL,NULL,NULL,NULL
555,2,27,"Morampalli Banjar",NULL,NULL,NULL,NULL,NULL,NULL,NULL
556,2,27,"Mothepatti Nagar",NULL,NULL,NULL,NULL,NULL,NULL,NULL
557,2,27,Musalimadugu,NULL,NULL,NULL,NULL,NULL,NULL,NULL
558,2,27,Nagineniprolu,NULL,NULL,NULL,NULL,NULL,NULL,NULL
559,2,27,Nakiripeta,NULL,NULL,NULL,NULL,NULL,NULL,NULL
560,2,27,"Pinapaka Pattinagar",NULL,NULL,NULL,NULL,NULL,NULL,NULL
561,2,27,Sarapaka,NULL,NULL,NULL,NULL,NULL,NULL,NULL
562,2,27,Sompalli,NULL,NULL,NULL,NULL,NULL,NULL,NULL
563,2,27,Tekulacheruvu,NULL,NULL,NULL,NULL,NULL,NULL,NULL
564,2,27,Thallagommuru,NULL,NULL,NULL,NULL,NULL,NULL,NULL
565,2,27,Uppusaka,NULL,NULL,NULL,NULL,NULL,NULL,NULL
566,2,27,Vepalagadda,NULL,NULL,NULL,NULL,NULL,NULL,NULL
567,2,28,Bendalapadu,NULL,NULL,NULL,NULL,NULL,NULL,NULL
568,2,28,Chandrugonda,NULL,NULL,NULL,NULL,NULL,NULL,NULL
569,2,28,Dameracherla,NULL,NULL,NULL,NULL,NULL,NULL,NULL
570,2,28,Ganugapadu,NULL,NULL,NULL,NULL,NULL,NULL,NULL
571,2,28,Gurramgudem,NULL,NULL,NULL,NULL,NULL,NULL,NULL
572,2,28,Maddukuru,NULL,NULL,NULL,NULL,NULL,NULL,NULL
573,2,28,"Mangaiah Banjar",NULL,NULL,NULL,NULL,NULL,NULL,NULL
574,2,28,Pokalagudem,NULL,NULL,NULL,NULL,NULL,NULL,NULL
575,2,28,Ravikampadu,NULL,NULL,NULL,NULL,NULL,NULL,NULL
576,2,28,Repallevada,NULL,NULL,NULL,NULL,NULL,NULL,NULL
577,2,28,Seethaigudem,NULL,NULL,NULL,NULL,NULL,NULL,NULL
578,2,28,Thungaram,NULL,NULL,NULL,NULL,NULL,NULL,NULL
579,2,28,Tippanapalli,NULL,NULL,NULL,NULL,NULL,NULL,NULL
580,2,28,"Venkatya Thanda",NULL,NULL,NULL,NULL,NULL,NULL,NULL
581,2,29,Bodenelli,NULL,NULL,NULL,NULL,NULL,NULL,NULL
582,2,29,C.Kathigudem,NULL,NULL,NULL,NULL,NULL,NULL,NULL
583,2,29,Charla,NULL,NULL,NULL,NULL,NULL,NULL,NULL
584,2,29,Chinnamidisileru,NULL,NULL,NULL,NULL,NULL,NULL,NULL
585,2,29,Devarapalli,NULL,NULL,NULL,NULL,NULL,NULL,NULL
586,2,29,Gommugudem,NULL,NULL,NULL,NULL,NULL,NULL,NULL
587,2,29,Gompalli,NULL,NULL,NULL,NULL,NULL,NULL,NULL
588,2,29,"Kaliveru Z",NULL,NULL,NULL,NULL,NULL,NULL,NULL
589,2,29,Keswapuram,NULL,NULL,NULL,NULL,NULL,NULL,NULL
590,2,29,"Kothapalli Z",NULL,NULL,NULL,NULL,NULL,NULL,NULL
591,2,29,Koyyuru,NULL,NULL,NULL,NULL,NULL,NULL,NULL
592,2,29,Kudunuru,NULL,NULL,NULL,NULL,NULL,NULL,NULL
593,2,29,Kurnapally,NULL,NULL,NULL,NULL,NULL,NULL,NULL
594,2,29,"Laxmi Colony",NULL,NULL,NULL,NULL,NULL,NULL,NULL
595,2,29,Lingapuram,NULL,NULL,NULL,NULL,NULL,NULL,NULL
596,2,29,Mogallapally,NULL,NULL,NULL,NULL,NULL,NULL,NULL
597,2,29,Peddamidisileru,NULL,NULL,NULL,NULL,NULL,NULL,NULL
598,2,29,Peddipalli,NULL,NULL,NULL,NULL,NULL,NULL,NULL
599,2,29,Puligundala,NULL,NULL,NULL,NULL,NULL,NULL,NULL
600,2,29,Pusuguppa,NULL,NULL,NULL,NULL,NULL,NULL,NULL
601,2,29,R.Kothagudem,NULL,NULL,NULL,NULL,NULL,NULL,NULL
602,2,29,S.N.Puram,NULL,NULL,NULL,NULL,NULL,NULL,NULL
603,2,29,Subbampeta,NULL,NULL,NULL,NULL,NULL,NULL,NULL
604,2,29,Tegada,NULL,NULL,NULL,NULL,NULL,NULL,NULL
605,2,29,Tippapuram,NULL,NULL,NULL,NULL,NULL,NULL,NULL
606,2,29,Upparigudem,NULL,NULL,NULL,NULL,NULL,NULL,NULL
607,2,30,3-Incline,NULL,NULL,NULL,NULL,NULL,NULL,NULL
608,2,30,"4 Incline",NULL,NULL,NULL,NULL,NULL,NULL,NULL
609,2,30,"Ambedkar Nagar",NULL,NULL,NULL,NULL,NULL,NULL,NULL
610,2,30,"Babu Camp",NULL,NULL,NULL,NULL,NULL,NULL,NULL
611,2,30,"Chunchupalle (PT)",NULL,NULL,NULL,NULL,NULL,NULL,NULL
612,2,30,Dhanbad,NULL,NULL,NULL,NULL,NULL,NULL,NULL
613,2,30,Gowthampur,NULL,NULL,NULL,NULL,NULL,NULL,NULL
614,2,30,"Nanda Thanda",NULL,NULL,NULL,NULL,NULL,NULL,NULL
615,2,30,"Nk Nagar (Badavath Thanda)",NULL,NULL,NULL,NULL,NULL,NULL,NULL
616,2,30,Penagadapa,NULL,NULL,NULL,NULL,NULL,NULL,NULL
617,2,30,Penuballi,NULL,NULL,NULL,NULL,NULL,NULL,NULL
618,2,30,"Prashant Nagar",NULL,NULL,NULL,NULL,NULL,NULL,NULL
619,2,30,"Ramanjaneya Colony",NULL,NULL,NULL,NULL,NULL,NULL,NULL
620,2,30,Rampuram,NULL,NULL,NULL,NULL,NULL,NULL,NULL
621,2,30,Rudrampur,NULL,NULL,NULL,NULL,NULL,NULL,NULL
622,2,30,"Venkatesh Khani",NULL,NULL,NULL,NULL,NULL,NULL,NULL
623,2,30,"Venkateshwara Colony",NULL,NULL,NULL,NULL,NULL,NULL,NULL
624,2,30,"Vidyanagar Colony",NULL,NULL,NULL,NULL,NULL,NULL,NULL
625,2,31,Akinepalli,NULL,NULL,NULL,NULL,NULL,NULL,NULL
626,2,31,Allipalli,NULL,NULL,NULL,NULL,NULL,NULL,NULL
627,2,31,Ankampalem,NULL,NULL,NULL,NULL,NULL,NULL,NULL
628,2,31,Arlapenta,NULL,NULL,NULL,NULL,NULL,NULL,NULL
629,2,31,Balarajugudem,NULL,NULL,NULL,NULL,NULL,NULL,NULL
630,2,31,Dammapeta,NULL,NULL,NULL,NULL,NULL,NULL,NULL
631,2,31,Gandugulapalli,NULL,NULL,NULL,NULL,NULL,NULL,NULL
632,2,31,Ganeshpadu,NULL,NULL,NULL,NULL,NULL,NULL,NULL
633,2,31,Gunnepalli,NULL,NULL,NULL,NULL,NULL,NULL,NULL
634,2,31,Jaggaram,NULL,NULL,NULL,NULL,NULL,NULL,NULL
635,2,31,Jamedarbanjar,NULL,NULL,NULL,NULL,NULL,NULL,NULL
636,2,31,Kommugudem,NULL,NULL,NULL,NULL,NULL,NULL,NULL
637,2,31,Lingalapalli,NULL,NULL,NULL,NULL,NULL,NULL,NULL
638,2,31,Malkaram,NULL,NULL,NULL,NULL,NULL,NULL,NULL
639,2,31,Mandalapalli,NULL,NULL,NULL,NULL,NULL,NULL,NULL
640,2,31,Marappagudem,NULL,NULL,NULL,NULL,NULL,NULL,NULL
641,2,31,Moddulagudem,NULL,NULL,NULL,NULL,NULL,NULL,NULL
642,2,31,Mondivarre,NULL,NULL,NULL,NULL,NULL,NULL,NULL
643,2,31,Mustibanda,NULL,NULL,NULL,NULL,NULL,NULL,NULL
644,2,31,Nacharam,NULL,NULL,NULL,NULL,NULL,NULL,NULL
645,2,31,Nagupalli,NULL,NULL,NULL,NULL,NULL,NULL,NULL
646,2,31,Parkalagandi,NULL,NULL,NULL,NULL,NULL,NULL,NULL
647,2,31,Patwarigudem,NULL,NULL,NULL,NULL,NULL,NULL,NULL
648,2,31,Peddagollagudem,NULL,NULL,NULL,NULL,NULL,NULL,NULL
649,2,31,Pusukunta,NULL,NULL,NULL,NULL,NULL,NULL,NULL
650,2,31,"Rachurupalli Hqrs Lachapuram",NULL,NULL,NULL,NULL,NULL,NULL,NULL
651,2,31,Seetarampuram,NULL,NULL,NULL,NULL,NULL,NULL,NULL
652,2,31,Srirampuram,NULL,NULL,NULL,NULL,NULL,NULL,NULL
653,2,31,Thatisubbannagudem,NULL,NULL,NULL,NULL,NULL,NULL,NULL
654,2,31,Thottipumpu,NULL,NULL,NULL,NULL,NULL,NULL,NULL
655,2,31,Vadlagudem,NULL,NULL,NULL,NULL,NULL,NULL,NULL
656,2,32,Achuthapuram,NULL,NULL,NULL,NULL,NULL,NULL,NULL
657,2,32,Anjupaka,NULL,NULL,NULL,NULL,NULL,NULL,NULL
658,2,32,Arlagudem,NULL,NULL,NULL,NULL,NULL,NULL,NULL
659,2,32,"B Kothagudem",NULL,NULL,NULL,NULL,NULL,NULL,NULL
660,2,32,Battigudem,NULL,NULL,NULL,NULL,NULL,NULL,NULL
661,2,32,"China Nallaballi",NULL,NULL,NULL,NULL,NULL,NULL,NULL
662,2,32,"Chinna Bandirevu",NULL,NULL,NULL,NULL,NULL,NULL,NULL
663,2,32,Chintaguppa,NULL,NULL,NULL,NULL,NULL,NULL,NULL
664,2,32,Dabbanuthala,NULL,NULL,NULL,NULL,NULL,NULL,NULL
665,2,32,Dummugudem,NULL,NULL,NULL,NULL,NULL,NULL,NULL
666,2,32,Gangolu,NULL,NULL,NULL,NULL,NULL,NULL,NULL
667,2,32,Gowraram,NULL,NULL,NULL,NULL,NULL,NULL,NULL
668,2,32,Kasinagaram,NULL,NULL,NULL,NULL,NULL,NULL,NULL
669,2,32,"Kotha Danthem",NULL,NULL,NULL,NULL,NULL,NULL,NULL
670,2,32,Kothapalli,NULL,NULL,NULL,NULL,NULL,NULL,NULL
671,2,32,Kothuru,NULL,NULL,NULL,NULL,NULL,NULL,NULL
672,2,32,"Koya Narsapuram",NULL,NULL,NULL,NULL,NULL,NULL,NULL
673,2,32,Lachigudem,NULL,NULL,NULL,NULL,NULL,NULL,NULL
674,2,32,Laxminagaram,NULL,NULL,NULL,NULL,NULL,NULL,NULL
675,2,32,Mahadevapuram,NULL,NULL,NULL,NULL,NULL,NULL,NULL
676,2,32,Maraigudem,NULL,NULL,NULL,NULL,NULL,NULL,NULL
677,2,32,Mulkapadu,NULL,NULL,NULL,NULL,NULL,NULL,NULL
678,2,32,Nadikudi,NULL,NULL,NULL,NULL,NULL,NULL,NULL
679,2,32,"Narayanarao Peta",NULL,NULL,NULL,NULL,NULL,NULL,NULL
680,2,32,Narsapuram,NULL,NULL,NULL,NULL,NULL,NULL,NULL
681,2,32,Paidigudem,NULL,NULL,NULL,NULL,NULL,NULL,NULL
682,2,32,Parnasala,NULL,NULL,NULL,NULL,NULL,NULL,NULL
683,2,32,"Patha Maredubaka",NULL,NULL,NULL,NULL,NULL,NULL,NULL
684,2,32,Pedakamalapuram,NULL,NULL,NULL,NULL,NULL,NULL,NULL
685,2,32,Pedanallaballi,NULL,NULL,NULL,NULL,NULL,NULL,NULL
686,2,32,Pragallapalli,NULL,NULL,NULL,NULL,NULL,NULL,NULL
687,2,32,Ramachandrunipeta,NULL,NULL,NULL,NULL,NULL,NULL,NULL
688,2,32,Ramaraopeta,NULL,NULL,NULL,NULL,NULL,NULL,NULL
689,2,32,Singavaram,NULL,NULL,NULL,NULL,NULL,NULL,NULL
690,2,32,Subbaraopeta,NULL,NULL,NULL,NULL,NULL,NULL,NULL
691,2,32,Turubaka,NULL,NULL,NULL,NULL,NULL,NULL,NULL
692,2,32,"Work Land Reguballe",NULL,NULL,NULL,NULL,NULL,NULL,NULL
693,2,33,Damarathogu,NULL,NULL,NULL,NULL,NULL,NULL,NULL
694,2,33,Gundala,NULL,NULL,NULL,NULL,NULL,NULL,NULL
695,2,33,Kachinapalli,NULL,NULL,NULL,NULL,NULL,NULL,NULL
696,2,33,Lingagudem,NULL,NULL,NULL,NULL,NULL,NULL,NULL
697,2,33,Mamakannu,NULL,NULL,NULL,NULL,NULL,NULL,NULL
698,2,33,Muthapuram,NULL,NULL,NULL,NULL,NULL,NULL,NULL
699,2,33,Padugonigudem,NULL,NULL,NULL,NULL,NULL,NULL,NULL
700,2,33,Rollagadda,NULL,NULL,NULL,NULL,NULL,NULL,NULL
701,2,33,Sayannapalli,NULL,NULL,NULL,NULL,NULL,NULL,NULL
702,2,33,Settipalli,NULL,NULL,NULL,NULL,NULL,NULL,NULL
703,2,33,Shambunigudem,NULL,NULL,NULL,NULL,NULL,NULL,NULL
704,2,34,Anantharam,NULL,NULL,NULL,NULL,NULL,NULL,NULL
705,2,34,Annarupadu,NULL,NULL,NULL,NULL,NULL,NULL,NULL
706,2,34,Bethalampadu,NULL,NULL,NULL,NULL,NULL,NULL,NULL
707,2,34,"Bojya Thanda",NULL,NULL,NULL,NULL,NULL,NULL,NULL
708,2,34,"Chintala Thanda",NULL,NULL,NULL,NULL,NULL,NULL,NULL
709,2,34,"Gandhi Nagar",NULL,NULL,NULL,NULL,NULL,NULL,NULL
710,2,34,Gundepudi,NULL,NULL,NULL,NULL,NULL,NULL,NULL
711,2,34,Gundlarevu,NULL,NULL,NULL,NULL,NULL,NULL,NULL
712,2,34,"Guravagu Thanda",NULL,NULL,NULL,NULL,NULL,NULL,NULL
713,2,34,Julurpad,NULL,NULL,NULL,NULL,NULL,NULL,NULL
714,2,34,Kakarla,NULL,NULL,NULL,NULL,NULL,NULL,NULL
715,2,34,Karivarigudem,NULL,NULL,NULL,NULL,NULL,NULL,NULL
716,2,34,Kommugudem,NULL,NULL,NULL,NULL,NULL,NULL,NULL
717,2,34,Kothuru,NULL,NULL,NULL,NULL,NULL,NULL,NULL
718,2,34,Machinenipeta,NULL,NULL,NULL,NULL,NULL,NULL,NULL
719,2,34,"Machinenipeta Thanda",NULL,NULL,NULL,NULL,NULL,NULL,NULL
720,2,34,Nallabandabodu,NULL,NULL,NULL,NULL,NULL,NULL,NULL
721,2,34,"Padamati Narsapuram",NULL,NULL,NULL,NULL,NULL,NULL,NULL
722,2,34,Papakollu,NULL,NULL,NULL,NULL,NULL,NULL,NULL
723,2,34,"Sairam Thanda",NULL,NULL,NULL,NULL,NULL,NULL,NULL
724,2,34,Sambunigudem,NULL,NULL,NULL,NULL,NULL,NULL,NULL
725,2,34,Suraram,NULL,NULL,NULL,NULL,NULL,NULL,NULL
726,2,34,Vengannapalem,NULL,NULL,NULL,NULL,NULL,NULL,NULL
727,2,34,"Vinobha Nagar",NULL,NULL,NULL,NULL,NULL,NULL,NULL
728,2,35,Anantharam,NULL,NULL,NULL,NULL,NULL,NULL,NULL
729,2,35,Battupalli,NULL,NULL,NULL,NULL,NULL,NULL,NULL
730,2,35,Chirramalla,NULL,NULL,NULL,NULL,NULL,NULL,NULL
731,2,35,Chooppala,NULL,NULL,NULL,NULL,NULL,NULL,NULL
732,2,35,Kannaigudem,NULL,NULL,NULL,NULL,NULL,NULL,NULL
733,2,35,Karakagudem,NULL,NULL,NULL,NULL,NULL,NULL,NULL
734,2,35,Kothagudem,NULL,NULL,NULL,NULL,NULL,NULL,NULL
735,2,35,"Padma Puram",NULL,NULL,NULL,NULL,NULL,NULL,NULL
736,2,35,Raghunadhapalem,NULL,NULL,NULL,NULL,NULL,NULL,NULL
737,2,35,Regalla,NULL,NULL,NULL,NULL,NULL,NULL,NULL
738,2,35,"Samath Mothe",NULL,NULL,NULL,NULL,NULL,NULL,NULL
739,2,35,Samathbattupalli,NULL,NULL,NULL,NULL,NULL,NULL,NULL
740,2,35,Thatigudem,NULL,NULL,NULL,NULL,NULL,NULL,NULL
741,2,35,Thummalagudem,NULL,NULL,NULL,NULL,NULL,NULL,NULL
742,2,35,Vattamvarigumpu,NULL,NULL,NULL,NULL,NULL,NULL,NULL
743,2,35,Venkatapuram,NULL,NULL,NULL,NULL,NULL,NULL,NULL
744,2,36,Anisettipalli,NULL,NULL,NULL,NULL,NULL,NULL,NULL
745,2,36,"Ashok Nagar Colony",NULL,NULL,NULL,NULL,NULL,NULL,NULL
746,2,36,"Bangaru Chelka",NULL,NULL,NULL,NULL,NULL,NULL,NULL
747,2,36,"Bavoji Thanda",NULL,NULL,NULL,NULL,NULL,NULL,NULL
748,2,36,Bojjalagudem,NULL,NULL,NULL,NULL,NULL,NULL,NULL
749,2,36,"Chatakonda (R)",NULL,NULL,NULL,NULL,NULL,NULL,NULL
750,2,36,"Dudya Thanda",NULL,NULL,NULL,NULL,NULL,NULL,NULL
751,2,36,Edurugadda,NULL,NULL,NULL,NULL,NULL,NULL,NULL
752,2,36,Gaddigutta,NULL,NULL,NULL,NULL,NULL,NULL,NULL
753,2,36,Gattumalla,NULL,NULL,NULL,NULL,NULL,NULL,NULL
754,2,36,"Hamali Colony",NULL,NULL,NULL,NULL,NULL,NULL,NULL
755,2,36,"Hariya Thanda",NULL,NULL,NULL,NULL,NULL,NULL,NULL
756,2,36,Hemachandrapuram,NULL,NULL,NULL,NULL,NULL,NULL,NULL
757,2,36,Karukonda,NULL,NULL,NULL,NULL,NULL,NULL,NULL
758,2,36,"Kotha Chinthakunta",NULL,NULL,NULL,NULL,NULL,NULL,NULL
759,2,36,"Lal Thanda",NULL,NULL,NULL,NULL,NULL,NULL,NULL
760,2,36,Laxmidevipalli,NULL,NULL,NULL,NULL,NULL,NULL,NULL
761,2,36,Laxmipuram,NULL,NULL,NULL,NULL,NULL,NULL,NULL
762,2,36,Lothuvagu,NULL,NULL,NULL,NULL,NULL,NULL,NULL
763,2,36,Mylaram,NULL,NULL,NULL,NULL,NULL,NULL,NULL
764,2,36,Prashantnagar,NULL,NULL,NULL,NULL,NULL,NULL,NULL
765,2,36,Punukuduchelka,NULL,NULL,NULL,NULL,NULL,NULL,NULL
766,2,36,Regalla,NULL,NULL,NULL,NULL,NULL,NULL,NULL
767,2,36,"Regallapadu Thanda (Pedda Thanda)",NULL,NULL,NULL,NULL,NULL,NULL,NULL
768,2,36,"Sanjay Nagar",NULL,NULL,NULL,NULL,NULL,NULL,NULL
769,2,36,Sativarigudem,NULL,NULL,NULL,NULL,NULL,NULL,NULL
770,2,36,Seetharampuram,NULL,NULL,NULL,NULL,NULL,NULL,NULL
771,2,36,"Sheshagiri Nagar",NULL,NULL,NULL,NULL,NULL,NULL,NULL
772,2,36,"Srinagar Colony",NULL,NULL,NULL,NULL,NULL,NULL,NULL
773,2,36,"Telaga Ramavaram",NULL,NULL,NULL,NULL,NULL,NULL,NULL
774,2,36,Vepalagadda,NULL,NULL,NULL,NULL,NULL,NULL,NULL
775,2,37,"Bugga (Hill Area)",NULL,NULL,NULL,NULL,NULL,NULL,NULL
776,2,37,Dammakapeta,NULL,NULL,NULL,NULL,NULL,NULL,NULL
777,2,37,"Gutta Mallaram",NULL,NULL,NULL,NULL,NULL,NULL,NULL
778,2,37,"Ippala Singaram",NULL,NULL,NULL,NULL,NULL,NULL,NULL
779,2,37,"Kattu Mallaram",NULL,NULL,NULL,NULL,NULL,NULL,NULL
780,2,37,Kunavaram,NULL,NULL,NULL,NULL,NULL,NULL,NULL
781,2,37,"Lanka Mallaram",NULL,NULL,NULL,NULL,NULL,NULL,NULL
782,2,37,"Muthyalamma Nagar",NULL,NULL,NULL,NULL,NULL,NULL,NULL
783,2,37,Pagideru,NULL,NULL,NULL,NULL,NULL,NULL,NULL
784,2,37,Ramanujavaram,NULL,NULL,NULL,NULL,NULL,NULL,NULL
785,2,37,Sambaigudem,NULL,NULL,NULL,NULL,NULL,NULL,NULL
786,2,37,Samithsingaram,NULL,NULL,NULL,NULL,NULL,NULL,NULL
787,2,37,Thirlapuram,NULL,NULL,NULL,NULL,NULL,NULL,NULL
788,2,37,Thoggudem,NULL,NULL,NULL,NULL,NULL,NULL,NULL
789,2,38,Chaparalapalli,NULL,NULL,NULL,NULL,NULL,NULL,NULL
790,2,38,Chowtigudem,NULL,NULL,NULL,NULL,NULL,NULL,NULL
791,2,38,Guttagudem,NULL,NULL,NULL,NULL,NULL,NULL,NULL
792,2,38,Jagannadhapuram,NULL,NULL,NULL,NULL,NULL,NULL,NULL
793,2,38,Kamalapuram,NULL,NULL,NULL,NULL,NULL,NULL,NULL
794,2,38,Madaram,NULL,NULL,NULL,NULL,NULL,NULL,NULL
795,2,38,Mookamamidi,NULL,NULL,NULL,NULL,NULL,NULL,NULL
796,2,38,Mulakalapalli,NULL,NULL,NULL,NULL,NULL,NULL,NULL
797,2,38,Mutyalampadu,NULL,NULL,NULL,NULL,NULL,NULL,NULL
798,2,38,"Patha Gangaram",NULL,NULL,NULL,NULL,NULL,NULL,NULL
799,2,38,"Patha Gundalapadu",NULL,NULL,NULL,NULL,NULL,NULL,NULL
800,2,38,Pogallapalli,NULL,NULL,NULL,NULL,NULL,NULL,NULL
801,2,38,Pusugudem,NULL,NULL,NULL,NULL,NULL,NULL,NULL
802,2,38,Rachannagudem,NULL,NULL,NULL,NULL,NULL,NULL,NULL
803,2,38,Ramachandrapuram,NULL,NULL,NULL,NULL,NULL,NULL,NULL
804,2,38,Seethaigudem,NULL,NULL,NULL,NULL,NULL,NULL,NULL
805,2,38,Seetharampuram,NULL,NULL,NULL,NULL,NULL,NULL,NULL
806,2,38,Tallapai,NULL,NULL,NULL,NULL,NULL,NULL,NULL
807,2,38,Thimmampeta,NULL,NULL,NULL,NULL,NULL,NULL,NULL
808,2,38,"VK Ramavaram",NULL,NULL,NULL,NULL,NULL,NULL,NULL
809,2,39,Bandrugonda,NULL,NULL,NULL,NULL,NULL,NULL,NULL
810,2,39,Banjara,NULL,NULL,NULL,NULL,NULL,NULL,NULL
811,2,39,"Basavatharaka Colony",NULL,NULL,NULL,NULL,NULL,NULL,NULL
812,2,39,"Bikku Thanda",NULL,NULL,NULL,NULL,NULL,NULL,NULL
813,2,39,Chandralagudem,NULL,NULL,NULL,NULL,NULL,NULL,NULL
814,2,39,Danthelaboru,NULL,NULL,NULL,NULL,NULL,NULL,NULL
815,2,39,Jagannadhapuram,NULL,NULL,NULL,NULL,NULL,NULL,NULL
816,2,39,Karegattu,NULL,NULL,NULL,NULL,NULL,NULL,NULL
817,2,39,Kesavapuram,NULL,NULL,NULL,NULL,NULL,NULL,NULL
818,2,39,Kinnerasani,NULL,NULL,NULL,NULL,NULL,NULL,NULL
819,2,39,Kodipunjulavagu,NULL,NULL,NULL,NULL,NULL,NULL,NULL
820,2,39,"Kotha Suraram",NULL,NULL,NULL,NULL,NULL,NULL,NULL
821,2,39,"Laxmidevipalli (L)",NULL,NULL,NULL,NULL,NULL,NULL,NULL
822,2,39,"Laxmidevipalli (U)",NULL,NULL,NULL,NULL,NULL,NULL,NULL
823,2,39,Mallaram,NULL,NULL,NULL,NULL,NULL,NULL,NULL
824,2,39,Mandarikalapadu,NULL,NULL,NULL,NULL,NULL,NULL,NULL
825,2,39,Nagaram,NULL,NULL,NULL,NULL,NULL,NULL,NULL
826,2,39,"Nagaram Colony",NULL,NULL,NULL,NULL,NULL,NULL,NULL
827,2,39,"Narayanaraopeta Sc Colony",NULL,NULL,NULL,NULL,NULL,NULL,NULL
828,2,39,Pandurangapuram,NULL,NULL,NULL,NULL,NULL,NULL,NULL
829,2,39,"Pandurangapuram Thanda",NULL,NULL,NULL,NULL,NULL,NULL,NULL
830,2,39,"Payakari Yanambylu",NULL,NULL,NULL,NULL,NULL,NULL,NULL
831,2,39,"Prabhat Nagar",NULL,NULL,NULL,NULL,NULL,NULL,NULL
832,2,39,Punukula,NULL,NULL,NULL,NULL,NULL,NULL,NULL
833,2,39,Rangapuram,NULL,NULL,NULL,NULL,NULL,NULL,NULL
834,2,39,Regulagudem,NULL,NULL,NULL,NULL,NULL,NULL,NULL
835,2,39,Sangam,NULL,NULL,NULL,NULL,NULL,NULL,NULL
836,2,39,Sathyanarayanapuram,NULL,NULL,NULL,NULL,NULL,NULL,NULL
837,2,39,"SC Colony Dantelabora",NULL,NULL,NULL,NULL,NULL,NULL,NULL
838,2,39,Somulagudem,NULL,NULL,NULL,NULL,NULL,NULL,NULL
839,2,39,Suraram,NULL,NULL,NULL,NULL,NULL,NULL,NULL
840,2,39,"Thaviselagudem Kothapeta",NULL,NULL,NULL,NULL,NULL,NULL,NULL
841,2,39,Thogudem,NULL,NULL,NULL,NULL,NULL,NULL,NULL
842,2,39,Vulvanoor,NULL,NULL,NULL,NULL,NULL,NULL,NULL
843,2,39,Yanambailu,NULL,NULL,NULL,NULL,NULL,NULL,NULL
844,2,39,"Yellandulapadu Thanda",NULL,NULL,NULL,NULL,NULL,NULL,NULL
845,2,40,Amararam,NULL,NULL,NULL,NULL,NULL,NULL,NULL
846,2,40,Bhupalapatnam,NULL,NULL,NULL,NULL,NULL,NULL,NULL
847,2,40,Botigudem,NULL,NULL,NULL,NULL,NULL,NULL,NULL
848,2,40,Chegarsala,NULL,NULL,NULL,NULL,NULL,NULL,NULL
849,2,40,Duginepalli,NULL,NULL,NULL,NULL,NULL,NULL,NULL
850,2,40,E.Bayyaram,NULL,NULL,NULL,NULL,NULL,NULL,NULL
851,2,40,Elchireddipally,NULL,NULL,NULL,NULL,NULL,NULL,NULL
852,2,40,Gaddampalli,NULL,NULL,NULL,NULL,NULL,NULL,NULL
853,2,40,Jaggaram,NULL,NULL,NULL,NULL,NULL,NULL,NULL
854,2,40,Janampeta,NULL,NULL,NULL,NULL,NULL,NULL,NULL
855,2,40,Kistapuram,NULL,NULL,NULL,NULL,NULL,NULL,NULL
856,2,40,Mallaram,NULL,NULL,NULL,NULL,NULL,NULL,NULL
857,2,40,Pandurangapuram,NULL,NULL,NULL,NULL,NULL,NULL,NULL
858,2,40,Pathareddipalem,NULL,NULL,NULL,NULL,NULL,NULL,NULL
859,2,40,Pinapaka,NULL,NULL,NULL,NULL,NULL,NULL,NULL
860,2,40,Potlapalli,NULL,NULL,NULL,NULL,NULL,NULL,NULL
861,2,40,Seethampeta,NULL,NULL,NULL,NULL,NULL,NULL,NULL
862,2,40,Seetharampuram,NULL,NULL,NULL,NULL,NULL,NULL,NULL
863,2,40,Singireddipalli,NULL,NULL,NULL,NULL,NULL,NULL,NULL
864,2,40,Thoggudem,NULL,NULL,NULL,NULL,NULL,NULL,NULL
865,2,40,"Thondapuri Kothagudem",NULL,NULL,NULL,NULL,NULL,NULL,NULL
866,2,40,Uppaka,NULL,NULL,NULL,NULL,NULL,NULL,NULL
867,2,40,Venkatraopeta,NULL,NULL,NULL,NULL,NULL,NULL,NULL
868,2,41,"2-Incline (HQ)",NULL,NULL,NULL,NULL,NULL,NULL,NULL
869,2,41,"Bethampudi Rly Station",NULL,NULL,NULL,NULL,NULL,NULL,NULL
870,2,41,Gareebpeta,NULL,NULL,NULL,NULL,NULL,NULL,NULL
871,2,41,"Jamlathanda (Bethampudi)",NULL,NULL,NULL,NULL,NULL,NULL,NULL
872,2,41,Koyagudem,NULL,NULL,NULL,NULL,NULL,NULL,NULL
873,2,41,"Malagudem (Mala Banjara)",NULL,NULL,NULL,NULL,NULL,NULL,NULL
874,2,41,"New Anjanapuram",NULL,NULL,NULL,NULL,NULL,NULL,NULL
875,2,41,"Old Anjanapuram",NULL,NULL,NULL,NULL,NULL,NULL,NULL
876,2,41,Raghavapuram,NULL,NULL,NULL,NULL,NULL,NULL,NULL
877,2,41,Sarvaram,NULL,NULL,NULL,NULL,NULL,NULL,NULL
878,2,41,Seetampeta,NULL,NULL,NULL,NULL,NULL,NULL,NULL
879,2,41,"Seethampeta Banjara",NULL,NULL,NULL,NULL,NULL,NULL,NULL
880,2,41,Singabhupalem,NULL,NULL,NULL,NULL,NULL,NULL,NULL
881,2,42,"9th Mile Thanda",NULL,NULL,NULL,NULL,NULL,NULL,NULL
882,2,42,Barlagudem,NULL,NULL,NULL,NULL,NULL,NULL,NULL
883,2,42,Bethampudi,NULL,NULL,NULL,NULL,NULL,NULL,NULL
884,2,42,"Billudu Thanda",NULL,NULL,NULL,NULL,NULL,NULL,NULL
885,2,42,"Boddu Thanda",NULL,NULL,NULL,NULL,NULL,NULL,NULL
886,2,42,Bodu,NULL,NULL,NULL,NULL,NULL,NULL,NULL
887,2,42,"Chandru Thanda",NULL,NULL,NULL,NULL,NULL,NULL,NULL
888,2,42,"Chintal Lanka",NULL,NULL,NULL,NULL,NULL,NULL,NULL
889,2,42,"Chinthoni Chelka",NULL,NULL,NULL,NULL,NULL,NULL,NULL
890,2,42,"Chukkala Bodu",NULL,NULL,NULL,NULL,NULL,NULL,NULL
891,2,42,"Dasu Thanda",NULL,NULL,NULL,NULL,NULL,NULL,NULL
892,2,42,Gangaram,NULL,NULL,NULL,NULL,NULL,NULL,NULL
893,2,42,Gollapalle,NULL,NULL,NULL,NULL,NULL,NULL,NULL
894,2,42,"Golya Thanda",NULL,NULL,NULL,NULL,NULL,NULL,NULL
895,2,42,Kistaram,NULL,NULL,NULL,NULL,NULL,NULL,NULL
896,2,42,Koppurai,NULL,NULL,NULL,NULL,NULL,NULL,NULL
897,2,42,"Kotha Thanda (G)",NULL,NULL,NULL,NULL,NULL,NULL,NULL
898,2,42,"Kotha Thanda (P)",NULL,NULL,NULL,NULL,NULL,NULL,NULL
899,2,42,Koyagudem,NULL,NULL,NULL,NULL,NULL,NULL,NULL
900,2,42,Kuntala,NULL,NULL,NULL,NULL,NULL,NULL,NULL
901,2,42,Lachagudem,NULL,NULL,NULL,NULL,NULL,NULL,NULL
902,2,42,"Madras Thanda",NULL,NULL,NULL,NULL,NULL,NULL,NULL
903,2,42,Mellamadugu,NULL,NULL,NULL,NULL,NULL,NULL,NULL
904,2,42,Mokkampadu,NULL,NULL,NULL,NULL,NULL,NULL,NULL
905,2,42,"Mutyalampadu X Road",NULL,NULL,NULL,NULL,NULL,NULL,NULL
906,2,42,Pegallapadu,NULL,NULL,NULL,NULL,NULL,NULL,NULL
907,2,42,"Petram Chelka",NULL,NULL,NULL,NULL,NULL,NULL,NULL
908,2,42,"Ram Puram",NULL,NULL,NULL,NULL,NULL,NULL,NULL
909,2,42,Ramchandrunipeta,NULL,NULL,NULL,NULL,NULL,NULL,NULL
910,2,42,Rollapadu,NULL,NULL,NULL,NULL,NULL,NULL,NULL
911,2,42,Sambunigudem,NULL,NULL,NULL,NULL,NULL,NULL,NULL
912,2,42,Sulanagar,NULL,NULL,NULL,NULL,NULL,NULL,NULL
913,2,42,Tekulapalli,NULL,NULL,NULL,NULL,NULL,NULL,NULL
914,2,42,Thadikalapudi,NULL,NULL,NULL,NULL,NULL,NULL,NULL
915,2,42,"Thavurya Thanda",NULL,NULL,NULL,NULL,NULL,NULL,NULL
916,2,42,Yerraigudem,NULL,NULL,NULL,NULL,NULL,NULL,NULL
917,2,43,"Balaji Nagar",NULL,NULL,NULL,NULL,NULL,NULL,NULL
918,2,43,"Boi Thanda",NULL,NULL,NULL,NULL,NULL,NULL,NULL
919,2,43,Bojjaigudem,NULL,NULL,NULL,NULL,NULL,NULL,NULL
920,2,43,"Challa Samudram",NULL,NULL,NULL,NULL,NULL,NULL,NULL
921,2,43,"CSP Basthi",NULL,NULL,NULL,NULL,NULL,NULL,NULL
922,2,43,Dhaniyalapadu,NULL,NULL,NULL,NULL,NULL,NULL,NULL
923,2,43,"Indira Nagar",NULL,NULL,NULL,NULL,NULL,NULL,NULL
924,2,43,Komararam,NULL,NULL,NULL,NULL,NULL,NULL,NULL
925,2,43,Kommugudem,NULL,NULL,NULL,NULL,NULL,NULL,NULL
926,2,43,Lachagudem,NULL,NULL,NULL,NULL,NULL,NULL,NULL
927,2,43,Mamidigudem,NULL,NULL,NULL,NULL,NULL,NULL,NULL
928,2,43,Mamidigundala,NULL,NULL,NULL,NULL,NULL,NULL,NULL
929,2,43,Manikyaram,NULL,NULL,NULL,NULL,NULL,NULL,NULL
930,2,43,Marrigudem,NULL,NULL,NULL,NULL,NULL,NULL,NULL
931,2,43,Masivagu,NULL,NULL,NULL,NULL,NULL,NULL,NULL
932,2,43,Mittapally,NULL,NULL,NULL,NULL,NULL,NULL,NULL
933,2,43,Mondithogu,NULL,NULL,NULL,NULL,NULL,NULL,NULL
934,2,43,Mutharapukatta,NULL,NULL,NULL,NULL,NULL,NULL,NULL
935,2,43,"Pocharam Thanda",NULL,NULL,NULL,NULL,NULL,NULL,NULL
936,2,43,Polaram,NULL,NULL,NULL,NULL,NULL,NULL,NULL
937,2,43,Pubelly,NULL,NULL,NULL,NULL,NULL,NULL,NULL
938,2,43,Raghaboinagudem,NULL,NULL,NULL,NULL,NULL,NULL,NULL
939,2,43,Repallewada,NULL,NULL,NULL,NULL,NULL,NULL,NULL
940,2,43,Rompaid,NULL,NULL,NULL,NULL,NULL,NULL,NULL
941,2,43,Subashnagar,NULL,NULL,NULL,NULL,NULL,NULL,NULL
942,2,43,Sudimalla,NULL,NULL,NULL,NULL,NULL,NULL,NULL
943,2,43,"Thilak Nagar",NULL,NULL,NULL,NULL,NULL,NULL,NULL
944,2,43,"Vijaylaxmi Nagar",NULL,NULL,NULL,NULL,NULL,NULL,NULL
945,2,43,Voddugudem,NULL,NULL,NULL,NULL,NULL,NULL,NULL
946,2,44,"Yellandu (U)",NULL,NULL,NULL,NULL,NULL,NULL,NULL
947,2,45,"Manuguru (U)",NULL,NULL,NULL,NULL,NULL,NULL,NULL
948,2,46,"Kothagudem (MC)",NULL,NULL,NULL,NULL,NULL,NULL,NULL
949,3,47,Agrampahad,NULL,NULL,NULL,NULL,NULL,NULL,NULL
950,3,47,Akkampet,NULL,NULL,NULL,NULL,NULL,NULL,NULL
951,3,47,Atmakur,NULL,NULL,NULL,NULL,NULL,NULL,NULL
952,3,47,Choudlapalle,NULL,NULL,NULL,NULL,NULL,NULL,NULL
953,3,47,Gudepahad,NULL,NULL,NULL,NULL,NULL,NULL,NULL
954,3,47,"House Buzurg",NULL,NULL,NULL,NULL,NULL,NULL,NULL
955,3,47,Kamaram,NULL,NULL,NULL,NULL,NULL,NULL,NULL
956,3,47,Katakshapur,NULL,NULL,NULL,NULL,NULL,NULL,NULL
957,3,47,Kothagattu,NULL,NULL,NULL,NULL,NULL,NULL,NULL
958,3,47,"Lingamadugu Pally",NULL,NULL,NULL,NULL,NULL,NULL,NULL
959,3,47,Malakpet,NULL,NULL,NULL,NULL,NULL,NULL,NULL
960,3,47,Nagaiahpally,NULL,NULL,NULL,NULL,NULL,NULL,NULL
961,3,47,Neerukulla,NULL,NULL,NULL,NULL,NULL,NULL,NULL
962,3,47,Peddapur,NULL,NULL,NULL,NULL,NULL,NULL,NULL
963,3,47,Penchikalapeta,NULL,NULL,NULL,NULL,NULL,NULL,NULL
964,3,47,Thirmalagiri,NULL,NULL,NULL,NULL,NULL,NULL,NULL
965,3,48,Bheemdevarapalli,NULL,NULL,NULL,NULL,NULL,NULL,NULL
966,3,48,Bollonipalli,NULL,NULL,NULL,NULL,NULL,NULL,NULL
967,3,48,Chantaiahpally,NULL,NULL,NULL,NULL,NULL,NULL,NULL
968,3,48,Dharmaram,NULL,NULL,NULL,NULL,NULL,NULL,NULL
969,3,48,Erabelli,NULL,NULL,NULL,NULL,NULL,NULL,NULL
970,3,48,"Gandhi Nagar",NULL,NULL,NULL,NULL,NULL,NULL,NULL
971,3,48,Gatlanarsingapoor,NULL,NULL,NULL,NULL,NULL,NULL,NULL
972,3,48,Gollapalli,NULL,NULL,NULL,NULL,NULL,NULL,NULL
973,3,48,Koppur,NULL,NULL,NULL,NULL,NULL,NULL,NULL
974,3,48,Kothakonda,NULL,NULL,NULL,NULL,NULL,NULL,NULL
975,3,48,Kothapalli,NULL,NULL,NULL,NULL,NULL,NULL,NULL
976,3,48,Mallaram,NULL,NULL,NULL,NULL,NULL,NULL,NULL
977,3,48,Manikyapoor,NULL,NULL,NULL,NULL,NULL,NULL,NULL
978,3,48,Mulkanoor,NULL,NULL,NULL,NULL,NULL,NULL,NULL
979,3,48,Mustafapoor,NULL,NULL,NULL,NULL,NULL,NULL,NULL
980,3,48,Mutharam,NULL,NULL,NULL,NULL,NULL,NULL,NULL
981,3,48,Ramnagar,NULL,NULL,NULL,NULL,NULL,NULL,NULL
982,3,48,Rangaiahpalli,NULL,NULL,NULL,NULL,NULL,NULL,NULL
983,3,48,Rasoolpalli,NULL,NULL,NULL,NULL,NULL,NULL,NULL
984,3,48,Rathnagiri,NULL,NULL,NULL,NULL,NULL,NULL,NULL
985,3,48,Sainagar,NULL,NULL,NULL,NULL,NULL,NULL,NULL
986,3,48,Vangara,NULL,NULL,NULL,NULL,NULL,NULL,NULL
987,3,48,"Veerabhadra Nagar",NULL,NULL,NULL,NULL,NULL,NULL,NULL
988,3,48,"Veerlagadda Thanda",NULL,NULL,NULL,NULL,NULL,NULL,NULL
989,3,48,"Viswanadha Colony",NULL,NULL,NULL,NULL,NULL,NULL,NULL
990,3,49,Damera,NULL,NULL,NULL,NULL,NULL,NULL,NULL
991,3,49,Dammannapet,NULL,NULL,NULL,NULL,NULL,NULL,NULL
992,3,49,Durgampet,NULL,NULL,NULL,NULL,NULL,NULL,NULL
993,3,49,Kogilvai,NULL,NULL,NULL,NULL,NULL,NULL,NULL
994,3,49,Lyadalla,NULL,NULL,NULL,NULL,NULL,NULL,NULL
995,3,49,Mustyalapalle,NULL,NULL,NULL,NULL,NULL,NULL,NULL
996,3,49,Oblapur,NULL,NULL,NULL,NULL,NULL,NULL,NULL
997,3,49,Oorugonda,NULL,NULL,NULL,NULL,NULL,NULL,NULL
998,3,49,Pasaragonda,NULL,NULL,NULL,NULL,NULL,NULL,NULL
999,3,49,Pulkurthy,NULL,NULL,NULL,NULL,NULL,NULL,NULL
1000,3,49,Seetharampuram,NULL,NULL,NULL,NULL,NULL,NULL,NULL
